п/н";"Объект";"Адрес";"Округ";"Компания";"Менеджер";"Период обслуживания";"Latitude";"Longitude";"Дата последнего ТО";"Ссылка"
"-";"ИП Горбунов Сергей Владимирович (Суши Wok)";"Сосенское  Квартал 28, дом  2 корпус 1";"ЮАО";"Технологии Безопасности";"Калиниченко А.С.";"КВ";"55.950237";"37.297386";"новый";"https://durnovcev2000.kaiten.ru/33160368"
"137578";"ООО ПКФ «Активатор»/(«Активатор»)";"Москва г, ул Маршала Савицкого, д. 26, к. 1";"ЮАО";"Технологии Безопасности";"Рощин С.С.";"КВ";"55.5041571";"37.5942737";"новый";"#34747985"
"138928";"ООО""АЛЬФА” / Гастроном";"Москва, ул. Чертановская, д. 47, корп.";"ЮАО";"Эсток-Сервис";"Христенко Е.А.";"КВ";"55.6052724";"37.5908155";"новый";"https://durnovcev2000.kaiten.ru/48221856"
"139043";"ИП Амирова Эльмира Фатеховна / гастроном";"Москва, ул. Бирюлевская, дом 49, корп.4, стр.2";"ЮАО";"Эсток-Сервис";"Христенко Е.А.";"КВ";"55.5841092";"37.6762954";"новый";"https://durnovcev2000.kaiten.ru/48222078"
"138831";"ИП КОНСТАНТИНОВ КСЕНОФОНТ ПЕТРОВИЧ / Есть хачапури";"Москва, ул. Люблинская, д 61";"ЮАО";"Эсток-Сервис";"-";"КВ";"55.6840978";"37.7386645";"новый";"https://durnovcev2000.kaiten.ru/48231418"
"1140ТБ";"ООО «Безопасность Групп»/(Аптека «Таблеточка»)";"Москва ул Болотниковская, 52";"ЮАО";"Технологии Безопасности";"Гусев П.И.";"КВ";"55.6629211";"37.58264940000001";"новый";"https://durnovcev2000.kaiten.ru/48398743"
"138985";"ООО «АКОБА» (Бар ""Высокий градус"")";"г Чехов, б-р Вишневый, д. 1/3";"ЮАО";"Эсток-Сервис";"Вершинина Е.В.";"КВ";"55.14741600000001";"37.488333";"новый";"https://durnovcev2000.kaiten.ru/49509172"
"138397";"ИП Копейка Анна Александровна, Ветклиника";"Сосенское  Веласкеса бульвар 7  корпус 4";"ЮАО";"Эсток-Сервис";"Калиниченко А.С.";"КВ";"55.593937";"37.45972";"новый";"https://durnovcev2000.kaiten.ru/32510988"
"23463";"ООО «Мамила», Аптека ""ФармЛенд""";"Москва,  Варшавское, д. 152";"ЮАО";"Технологии Безопасности";"Гунин В.В.";"КВ";"55.5895635";"37.5916003";"новый";"https://durnovcev2000.kaiten.ru/50763387"
"138955";"ИП Соболева Ольга Валерьевна/Салон красоты";"Москва, Южнобутовская, д. 17";"ЮАО";"Эсток-Сервис";"Рощин С.С.";"КВ";"55.5429221";"37.5402616";"новый";"https://durnovcev2000.kaiten.ru/50856234"
"139061";"ООО Инвест-Капитал, АЗС Радуга";"Подольск, ул. Орджоникидзе, д. 26";"ЮАО";"Аллигатор";"Дубовик А.С.";"КВ";"55.4126674";"37.5812731";"16.04 2025";"https://durnovcev2000.kaiten.ru/48266431"
"132630";"ООО «Меркурий» (Салон красоты)";"Москва г, Балаклавский пр-кт, дом 20, корпус 4";"ЮАО";"Гранит";"Мозговой И.В.";"КВ";"55.6423271";"37.59634339999999";"03.06..2025";"https://durnovcev2000.kaiten.ru/32511122"
"91075";"Аптека ""Планета Здоровья""";"г.Москва. ул. Мусы Джалиля 28";"ЮАО";"Гранит";"Пряшников Д.Ю.";"М";"55.620254";"37.741821";"29.05.20250";"https://durnovcev2000.kaiten.ru/32511810"
"136532";"ИП Овсянников Сергей Викторович (Кафе «VЛаVаше, СтритФуд, Шаверма, 24/7»)";"Москва г, Люблинская ул, дом 78 корпус 2";"ЮАО";"Технологии Безопасности";"Христенко Е.А.";"КВ";"55.6620819";"37.73060359999999";"29.05.2925";"https://durnovcev2000.kaiten.ru/32562415"
"138571";"ООО ""Фанагория-Розничная Сеть"", Магазин ""Фанагория"" № 164";"Москва  ул Логинова, д. 1, корпус 2";"ЮАО";"Гранит";"Милованова Т.";"КВ";"55.4981275";"37.51647310000001";"17.04.2028";"https://durnovcev2000.kaiten.ru/43549335"
"93079";"Аптека ""Планета Здоровья""";"г. Москва, Каширское шоссе, д.106, корп. А";"ЮАО";"Гранит";"Пряшников Д.Ю.";"М";"55.6112709";"37.716451";"05.06.2025";"https://durnovcev2000.kaiten.ru/32511674"
"138283";"ИП Усманова Яна Владиславовна,студия красоты YOU";"рп Дрожжино, Новое шоссе, д. 11, к. 1";"ЮАО";"Технологии Безопасности";"Калиниченко А.С.";"КВ";"55.5280111";" ";"05.06.2025";"https://durnovcev2000.kaiten.ru/42910617"
"39056";"Стоматология";"Москва ул. Маршала Савицкого д.20 к.1";"ЮАО";"Гранит";"Дубовик А.С.";"КВ";"55.503789";"37.58972199999999";"05.06.2025";"https://durnovcev2000.kaiten.ru/32511139"
"134206";"АО «2ЛАБ»/Медицинский центр «2 LAB»";"Московская обл, Подольск г, Ленина пр-кт, дом № 152/63";"ЮАО";"Гранит";"Христенко Е.А.";"КВ";"55.4492996";"37.5523254";"05.06.2025";"https://durnovcev2000.kaiten.ru/32511148"
"91874";"Магазин разливного пива "" Добрый Эль"", ООО"" Доброе пиво""";"г. Подольск, ул. Мраморная 2г 2в";"ЮАО";"Гранит";"Чиграй А.С.";"КВ";"55.439876";"37.56572";"05.06.2025";"https://durnovcev2000.kaiten.ru/32511150"
"93177";"Аптека ""Планета Здоровья""";"МО, г. Подольск, Бородинский б-р д. 12";"ЮАО";"Гранит";"Пряшников Д.Ю.";"КВ";"55.393967";"37.56173";"05.06.2025";"https://durnovcev2000.kaiten.ru/32511158"
"131482";"ООО ""Парацельс"", аптека Планета Здоровья";"Подольск г, Академика Доллежаля ул, дом № 42";"ЮАО";"Гранит";"Пряшников Д.Ю.";"КВ";"55.4213394";"37.4851095";"05.06.2025";"https://durnovcev2000.kaiten.ru/33161831"
"130202";"ООО Инвест капитал АЗС Радуга";"Подольск,п-т.Октябрьский,2Д";"ЮАО";"Гранит";"Дубовик А.С.";"КВ";"55.4253981";"37.5059904";"05.06.2025";"https://durnovcev2000.kaiten.ru/32510729"
"51314";"ИП Ширинян Мария Анатольевна салон красоты ""Пятница""";"Москва Чонгарский б-р д.7 к. 1";"ЮАО";"Гранит";"Калиниченко А.С.";"КВ";"55.6528532";"37.6135455";"05.06.2025";"https://durnovcev2000.kaiten.ru/32511176"
"90370";"Аптека Планета здоровья";"МО, Климовск, Победы ул, д 2/18";"ЮАО";"Гранит";"Пряшников Д.Ю.";"М";"55.359395";"37.5207539";"05.06.2025";"https://durnovcev2000.kaiten.ru/32511791"
"ТО-998";"ООО «РЕНТ ЦЕНТРАЛЬ»/ Ломбард Благо";"Московская обл, Дзержинский г, Поклонная ул, дом 3А, помещение 105";"ЮАО";"Гранит";"Пряшников Д.Ю.";"КВ";"55.632102";"37.847884";"04.06.2025";"https://durnovcev2000.kaiten.ru/32562494"
"131870";"ООО ""Здравник""/Аптека Планета Здоровья";"Дзержинский г, Поклонная ул, дом № 3 А, помещение 106";"ЮАО";"Гранит";"Пряшников Д.Ю.";"КВ";"55.6326018";"37.8503572";"04.06.2025";"https://durnovcev2000.kaiten.ru/32562225"
"132338";"ООО ""МЕРИДИАН""/ Аптека Планета Здоровья";"Московская обл, Дзержинский г, Лесная ул, дом № 18";"ЮАО";"Гранит";"Пряшников Д.Ю.";"КВ";"55.6438216";"37.886634";"04.06.2025";"https://durnovcev2000.kaiten.ru/32562473"
"ТО-471";"ООО «Империя»/Меджик Фитнес";"г. Дзержинский, ул. Лесная, д. 15а, пом 239";"ЮАО";"Гранит";"Калиниченко А.С.";"КВ";"55.63096";"37.86224";"04.06.2025";"https://durnovcev2000.kaiten.ru/32562487"
"135133";"ООО ""ОЛИМП"" /Аптека Планета Здоровья";"Московская обл, Дзержинский г, Лесная ул, дом 4, помещение 4";"ЮАО";"Гранит";"Пряшников Д.Ю.";"КВ";"55.64489469999999";"37.8888959";"04.06.2025";"https://durnovcev2000.kaiten.ru/32562488"
"136134";"ИП Львов Евгений Александрович, Кладовка ""СКЛАДНО""";"г.Москва,район Капотня,5-й квартал,д.11,с.2";"ЮАО";"Технологии Безопасности";"Гаук Е.М.";"КВ";"55.631688";"37.79567";"04.06.2025";"https://durnovcev2000.kaiten.ru/32562311"
"151679";"ООО «ВКУСНО»/пекарня ""Буханка""";"Москва г, 5-й квартал  д. 24";"ЮАО";"Гранит";"Ткаченко В.Н.";"КВ";"55.63077639999999";"37.7955264";"04.06.2025";"https://durnovcev2000.kaiten.ru/40843128"
"131682";"Добрые услуги, Автошкола "" БЭСТ""";"Москва, ул. Ставропольская 50/22";"ЮАО";"Гранит";"Мозговой И.В.";"М";"55.6814968";"37.7653453";"04.06.2025";"https://durnovcev2000.kaiten.ru/32562936"
"134888";"ООО ""РОМАШКИ"", Аптека ""ФармЛенд""";"Москва г, ул Совхозная, д. 20";"ЮАО";"Технологии Безопасности";"Гунин В.В.";"М";"55.6807105";"37.7644932";"04.06.2025";"https://durnovcev2000.kaiten.ru/32935472"
": 243ТБ";"ООО «Мамила», Аптека ""ФармЛенд""";"Москва б-р Ореховый, д. 47/33";"ЮАО";"Технологии Безопасности";"Гунин В.В.";"КВ";"55.6146053";"37.74591890000001";"04.06.2025";"https://durnovcev2000.kaiten.ru/50848987"
"39004";"салон красоты ""Дэлис"" ИП Мамадова Фируза Рустамовна";"МО, д. Дрожжино, Новое шоссе 7";"ЮАО";"Технологии Безопасности";"Калиниченко А.С.";"КВ";"55.5279624";"37.5845958";"03.06.2025";"https://durnovcev2000.kaiten.ru/32511011"
"134889";"ООО «Группа Здоровья»/Офис CMD медицинские анализы";"МО , Ленинский район, сел.пос. Булатниковское, деревня Дрожжино, Новое шоссе д.13, помещение 3";"ЮАО";"Гранит";"Ткаченко В.Н.";"КВ";"55.5270166";"37.5901822";"03.06.2025";"https://durnovcev2000.kaiten.ru/32510996"
"ТО-№298ТБ";"ИП Воробьев П.А./Паб ""Dark Pub""";"Московская обл, Ленинский р-н, Дрожжино рп, Южная ул, дом № 7, помещение 17";"ЮАО";"Технологии Безопасности";"Мозговой И.В.";"КВ";"55.5295049";"37.5873473";"03.06.2025";"https://durnovcev2000.kaiten.ru/32510917"
"ТО-819";"ООО ""ПродТорг""";"д. Дрожжино, Новое шоссе д. 7";"ЮАО";"Гранит";"-";"КВ";"55.5279624";"37.5845958";"03.06.2025";"https://durnovcev2000.kaiten.ru/32510995"
"136018";"ИП Халяпин Андрей Владимирович/Пекарня «Буханка»";"Московская обл, Ленинский р-н, Дрожжино рп, Новое ш, дом 11";"ЮАО";"Технологии Безопасности";"Мозговой И.В.";"КВ";"55.5272247";"37.5887185";"03.06.2025";"https://durnovcev2000.kaiten.ru/32511006"
"45513";"минимаркет,ООО Омега";"МО, д. Дрожжино, Новое шоссе 8/1";"ЮАО";"Гранит";"Калиниченко А.С.";"КВ";"55.52543";"37.5924746";"03.06.2025";"https://durnovcev2000.kaiten.ru/32511043"
"130398";"ИП Ревенко Елена Петровна (Магазин Ремит)";"МО, пос. Булатниковское , д. Дрожжино, Новое шоссе д.4";"ЮАО";"Технологии Безопасности";"Калиниченко А.С.";"КВ";"55.5263409";"37.5881888";"03.06.2025";"https://durnovcev2000.kaiten.ru/32511044"
"132947";"ИП Ронжин Михаил Олегович Ветеринарный центр";"МО, Ленинский муниципальный район, сельское поселение Булатниковское, д. Дрожжино, ул. Южная, д.23";"ЮАО";"Гранит";"Калиниченко А.С.";"КВ";"55.5212991";"37.5976614";"03.06.2025";"https://durnovcev2000.kaiten.ru/32511054"
"№ 914 ТБ";"Кальянная, ИП Воронков В.В";"г.Москва,Каширское шоссе,д.16к1с2";"ЮАО";"Технологии Безопасности";"Моторин А.В.";"КВ";"55.5315271";"37.7674241";"02.06.2025";"https://durnovcev2000.kaiten.ru/34757317"
"90919";"Аптека ""Планета Здоровья""";"г.Москва, Борисовские пруды д.21/1";"ЮАО";"Гранит";"Пряшников Д.Ю.";"М";"55.6357472";"37.7231192";"02.06.2025";"https://durnovcev2000.kaiten.ru/32511808"
"ТО-913";"ИП Хугаев Хостел";"г. Москва, Каширское шоссе д.78, корп. 6";"ЮАО";"Гранит";"Мозговой И.В.";"М";"55.639983";"37.683666";"02.06.2025";"https://durnovcev2000.kaiten.ru/32511669"
"133683";"ГОСУДАРСТВЕННОЕ КАЗЕННОЕ УЧРЕЖДЕНИЕ ДОПОЛНИТЕЛЬНОГО ПРОФЕССИОНАЛЬНОГО ОБРАЗОВАНИЯ ""УЧЕБНО-МЕТОДИЧЕСКИЙ ЦЕНТР ПО ГРАЖДАНСКОЙ ОБОРОНЕ И ЧРЕЗВЫЧАЙНЫМ СИТУАЦИЯМ ГОРОДА МОСКВЫ";"Москва г, Каширское ш, дом 148, корпус 1";"ЮАО";"Нева-2";"Шагров Д.Д.";"М";"55.5953123";"37.7239951";"02.06.2025";"https://durnovcev2000.kaiten.ru/32511830"
"84097";"ресторан KFC";"г. Москва, Борисовский пр. вл. 46 А";"ЮАО";"Аллигатор";"Певзнер Ю.А.";"М";"55.61345300000001";"37.729674";"30.05.2025";"https://durnovcev2000.kaiten.ru/32511847"
"90048";"ООО ""Планета Здоровья Холдинг""";"Москва, ул. Борисовские Пруды, д. 14 к. 2";"ЮАО";"Эсток-Сервис";"Пряшников Д.Ю.";"КВ";"55.634937";"37.7466523";"29.05.2025";"https://durnovcev2000.kaiten.ru/45196265"
"ТО№466ТБ";"ООО ""МЕЖРЕГИОНОПТОРГ»/офисные площади, сдаются в аренду";"Москва г, Новочеркасский б-р, дом 47 ЛГ";"ЮАО";"Технологии Безопасности";"Епуре А.А.";"КВ";"55.6500083";"37.7387154";"29.05.2025";"https://durnovcev2000.kaiten.ru/32562196"
"134879";"ООО «Вкусно»/Пекарня Буханка";"Москва г, Донецкая ул, дом 34, корпус 3";"ЮАО";"Эсток-Сервис";"Ткаченко В.Н.";"КВ";"55.6437903";"37.70245389999999";"29.05.2025";"https://durnovcev2000.kaiten.ru/32562378"
"134069";"ООО «Вкусно»/Пекарня Буханка";"Москва г, Донецкая ул, дом 34, корпус 1";"ЮАО";"Эсток-Сервис";"Ткаченко В.Н.";"КВ";"55.6454605";"37.7040595";"29.05.2025";"https://durnovcev2000.kaiten.ru/32562384"
"84104";"ООО «БизнесЭстейт» Медицинский центр";"Москва, Марьинский бульвар, 4";"ЮАО";"Аллигатор";"Ахметвалиева В.М.";"КВ";"55.6475812";"37.749615";"29.05.2025";"https://durnovcev2000.kaiten.ru/32562213"
"133643";"ГОСУДАРСТВЕННОЕ КАЗЕННОЕ УЧРЕЖДЕНИЕ ДОПОЛНИТЕЛЬНОГО ПРОФЕССИОНАЛЬНОГО ОБРАЗОВАНИЯ ""УЧЕБНО-МЕТОДИЧЕСКИЙ ЦЕНТР ПО ГРАЖДАНСКОЙ ОБОРОНЕ И ЧРЕЗВЫЧАЙНЫМ СИТУАЦИЯМ ГОРОДА МОСКВЫ""";"Москва г, Мариупольская ул, дом 4";"ЮАО";"Нева-2";"Шагров Д.Д.";"М";"55.6744847";"37.7416302";"29.05.2025";"https://durnovcev2000.kaiten.ru/32562047"
"93081";"Аптека ""Планета Здоровья""";"г. Москва, ул. Ключевая д.24/1";"ЮАО";"Гранит";"Пряшников Д.Ю.";"М";"55.63157349999999";"37.7655176";"29.05.2025";"https://durnovcev2000.kaiten.ru/32511872"
"ТО-974";"Клиника ""Стопартроз""";"Москва, ул. Симферопольский бульвар 17/1";"ЮАО";"Гранит";"Мозговой И.В.";"КВ";"55.651968";"37.606485";"28.05.2025";"https://durnovcev2000.kaiten.ru/32511290"
"81430";"ООО ""Уорлд Курьер""";"г. Щербинка , ул. Южная д. 9";"ЮАО";"Аллигатор";"-";"КВ";"55.4913817";"37.5678891";"28.05.2025";"https://durnovcev2000.kaiten.ru/32511325"
"ТО480ТБ";"ИП Толмачева Наталья Юрьевна/Магазин Мясо";"Москва г, ул.Логинова,д.5,корп.1 (5Н)";"ЮАО";"Технологии Безопасности";"Михно С.С.";"КВ";"55.496659";"37.515407";"28.05.2025";"https://durnovcev2000.kaiten.ru/32511330"
"1516";"ООО «Первое Независимое Рейтинговое Агентство»/ офис";"Москва, ул. Болотниковская, дом 21, стр. 1";"ЮАО";"Технологии Безопасности";"Саилова А.";"М";"55.65602999999999";"37.596371";"28.05.2025";"https://durnovcev2000.kaiten.ru/32511831"
"90340";"Мед.центр ""Евроэстетик"", ООО Транссервис";"ул. Кантемировская, д. 16/1";"ЮАО";"Гранит";"Мозговой И.В.";"М";"55.638462";"37.6678221";"28.05.2025";"https://durnovcev2000.kaiten.ru/32511903"
"132674";"ИП Прокопенко Кирилл Игоревич Пивной магазин ПивСтанция";"Москва, пос. Рязановское, с. Остафьево, ш. Остафьевское, д. 14, к. 1";"ЮАО";"Гранит";"Михно С.С.";"М";"55.51467220000001";"37.5284549";"28.05.2025";"https://durnovcev2000.kaiten.ru/32511597"
"138673";"ООО «ЙЕС СТОМАТОЛОГИЯ +»/стоматология";"пгт. Лопатино, ул. Сухановская, д. 17";"ЮАО";"Эсток-Сервис";"Дубовик А.С.";"КВ";"55.53250869999999";"37.6393013";"28.05.2025";"https://durnovcev2000.kaiten.ru/48220452"
"№ 687ТБ";"ООО ""ЗАМАН"", Склад, ООО ""ЗАМАН"", Склад";"Москва г, Нахимовский пр-кт, дом № 1, корпус 1";"ЮАО";"Технологии Безопасности";"Мозговой И.В.";"КВ";"55.662572";"37.61786";"26.05.2025";"https://durnovcev2000.kaiten.ru/33814806"
"ООО «ЕВРОМЕД» Медицинский центр «CMD-анализы»";"ООО «ЕВРОМЕД» Медицинский центр «CMD-анализы»";"г. Москва, Варшавское шоссе, дом 158, корпус 2, помещение 2";"ЮАО";"Гранит";"Христенко Е.А.";"КВ";"55.5841349";"37.5961525";"26.05.2025";"https://durnovcev2000.kaiten.ru/32511315"
"130437";"ООО ""Олимп"" магазин ""Ассортида""";"г. Москва, ул. Судостроительная д. 11 к. 1";"ЮАО";"Гранит";"Калиниченко А.С.";"КВ";"55.680626";"37.671417";"26.05.2025";"https://durnovcev2000.kaiten.ru/32511259"
"91615";"Пекарня ""Маковка"", ИП Гупта А.В";"Москва,ул. Судостроительная д. 11/1";"ЮАО";"Гранит";"Калиниченко А.С.";"КВ";"55.680626";"37.671417";"26.05.2025";"https://durnovcev2000.kaiten.ru/32511264"
"90052";"МРО Церковь христиан веры евангельской «Благая весть»";"Москва г, пр-кт Пролетарский, д. 24";"ЮАО";"Технологии Безопасности";"Сафин М.С.";"КВ";"55.6365784";"37.6563617";"26.05.2025";"https://durnovcev2000.kaiten.ru/40813008"
"93125";"Аптека ""Планета Здоровья""";"г. Москва, Электролитный пр-д. д.16/7";"ЮАО";"Гранит";"Пряшников Д.Ю.";"М";"55.6693143";"37.61108249999999";"26.05.2025";"https://durnovcev2000.kaiten.ru/32511768"
"130166";"аптека ""Планета здоровья""";"г. Москва, ул. Судостроительная, д. 17";"ЮАО";"Гранит";"Пряшников Д.Ю.";"М";"55.68162170000001";"37.6742201";"26.05.2025";"https://durnovcev2000.kaiten.ru/32511769"
"131467";"ООО ""Восток"" аптека Планета Москва";"Москва г, Корабельная ул, д. 6";"ЮАО";"Гранит";"Пряшников Д.Ю.";"М";"55.67886069999999";"37.6955719";"26.05.2025";"https://durnovcev2000.kaiten.ru/32511790"
"90706";"Аптека ""Планета здоровья""";"г.Москва, ул. Сумская 6/1";"ЮАО";"Гранит";"Пряшников Д.Ю.";"М";"55.6242197";"37.6040336";"26.05.2025";"https://durnovcev2000.kaiten.ru/32511612"
"93083";"аптека ""Планета Здоровья""";"г. Москва ул. Красного Маяка д.10";"ЮАО";"Гранит";"Пряшников Д.Ю.";"М";"55.613125";"37.593084";"26.05.2025";"https://durnovcev2000.kaiten.ru/32511617"
"№ 960ТБ";"ООО «НЕОВЕТ» / офис";"Варшавское шоссе, дом 144, корп. 2, стр. 2";"ЮАО";"Технологии Безопасности";"Христенко Е.А.";"КВ";"55.60378009999999";"37.6042777";"26.05.2025";"https://durnovcev2000.kaiten.ru/49208000"
"ТО№ 527ТБ";"ИП Буканова Елена Александровна/Пункт выдачи заказов ""Ozon""";"Москва г, Азовская ул, дом 24, корпус 2";"ЮАО";"Технологии Безопасности";"Гаук Е.М.";"КВ";"55.6514729";"37.5958572";"25.05.2025";"https://durnovcev2000.kaiten.ru/33814801"
"ЭС/Т-1935/03-25";"ИП Дубровин Иван Вячеславович, Седелисе Френч Баккерри (Французская пекарня)";"Коммунарка, ул Александры Монаховой, д. 85, к. 3";"ЮАО";"Эсток-Сервис";"Михно С.С.";"КВ";"55.5673567";"37.4817878";"22.05.2025";"https://durnovcev2000.kaiten.ru/50221940"
"ТО-№580ТБ";"Зинченко Андрей Сергеевич/(Коммерческое помещение)";"Московская обл, Ленинский р-н, Битца п, ЖК Южная Битца, Южный бульвар, дом 5";"ЮАО";"Технологии Безопасности";"Мозговой И.В.";"КВ";"55.55643749999999";"37.5967976";"21.05.2025";"https://durnovcev2000.kaiten.ru/32511356"
"ТО-№ 5973";"ИП Спаськов Павел Юрьевич/Магазин ""Место Пиво""";"Московская обл, Ленинский р-н, Битца п, ЖК Южная Битца, Южный б-р, дом № 5, пом.17";"ЮАО";"Эсток-Сервис";"Мозговой И.В.";"КВ";"55.557933";"37.596911";"21.05.2025";"https://durnovcev2000.kaiten.ru/32511360"
"134150";"ИП Самсонова Ирина Владимировна/ Аптека";"Московская обл, Домодедово г, Барыбино мкр, Привокзальная площадь ул, дом 5";"ЮАО";"Нева-Технологии";"Рощин С.С.";"КВ";"55.43965799999999";"37.772706";"19.05.2025";"https://durnovcev2000.kaiten.ru/32511216"
"46719";"ООО ВИНО РОЗНИЦА, МИЛЬСТРИМ";"г. Домодедово, мкр. Востряково, ул. Вокзальная, д.2 г.";"ЮАО";"Гранит";"Плиткин А.";"КВ";"55.49064989999999";"37.7254803";"19.05.2025";"https://durnovcev2000.kaiten.ru/32511222"
"132324";"ООО ""Медицина"" (Медицинский центр ""CMD - анализы"")";"МО, д. Мисайлово, Литературный4 бульвар, дом 2";"ЮАО";"Гранит";"Христенко Е.А.";"КВ";"55.5570913";"37.8139684";"19.05.2025";"https://durnovcev2000.kaiten.ru/32511232"
"132670";"ООО ""ЗДОРОВЬЕ"" Аптека Планета Здоровья";"Московская обл, Ленинский р-н, Молоково с, Ново-Молоковский б-р, дом № 10, помещение 10";"ЮАО";"Гранит";"Пряшников Д.Ю.";"КВ";"55.5632625";"37.8539736";"19.05.2025";"https://durnovcev2000.kaiten.ru/32511237"
"№ 1045";"ИП Землякова Галина Васильевна/Магазин ""Место Пиво""";"Мисайлово, ш. Пригородное, д. 8";"ЮАО";"Технологии Безопасности";"Мозговой И.В.";"КВ";"55.556641";"37.8199487";"19.05.2025";"https://durnovcev2000.kaiten.ru/42488494"
"137524";"ИП Летучий Роман Григорьевич/«Склад»";"г Видное, ш Каширское, 29 км, вл7с1";"ЮАО";"Технологии Безопасности";"Рощин С.С.";"КВ";"55.5432976";"37.7727878";"19.05.2025";"https://durnovcev2000.kaiten.ru/33239496"
"90575";"ООО «ДИАЛ-М» (Офис медицинский)";"МО, г. Домодедово, мкр. Южный, ул. Курыжова, д. 16, пом. 5";"ЮАО";"Гранит";"Моторин А.В.";"КВ";"55.3966426";"37.77272079999999";"19.05.2025";"https://durnovcev2000.kaiten.ru/32511220"
"91012";"Аптека ""Планета Здоровья""";"Мисайлово, Литературный бульвар 5";"ЮАО";"Гранит";"Пряшников Д.Ю.";"М";"55.5586429";"37.8119545";"19.05.2025";"https://durnovcev2000.kaiten.ru/32511549"
"91514";"Аптека ""Планета Здоровья""";"д. Мисайлово, Литературный бульвар д. 4, пом. 619";"ЮАО";"Гранит";"Пряшников Д.Ю.";"М";"55.55873320000001";"37.8139731";"19.05.2025";"https://durnovcev2000.kaiten.ru/32511561"
"90940";"Аптека Планета Здоровья";"Домодедово, мкр. Авиационный, проспект Академика Туполева д.3/1";"ЮАО";"Гранит";"Пряшников Д.Ю.";"М";"55.416126";"37.837076";"19.05.2025";"https://durnovcev2000.kaiten.ru/32511570"
"90246";"Аптека ""Планета Здоровья""";"МО, г. Домодедово, ул. Лунная 25/3";"ЮАО";"Гранит";"Пряшников Д.Ю.";"М";"55.4190686";"37.7582106";"19.05.2025";"https://durnovcev2000.kaiten.ru/32511582"
"90247";"Аптека ""Планета Здоровья""";"МО, г. Домодедово, ул. Рабочая д. 46";"ЮАО";"Гранит";"Пряшников Д.Ю.";"М";"55.423687";"37.762733";"19.05.2025";"https://durnovcev2000.kaiten.ru/32511592"
"ТО№ 596ТБ";"ИП РОГОВ АЛЕКСЕЙ ВАЛЕНТИНОВИЧ (Магазин)";"Москва г, Радиальная 6-я ул, дом 3, корпус 4, помещение н 20";"ЮАО";"Эсток-Сервис";"Калиниченко А.С.";"КВ";"55.606487";"37.660063";"15.05.2025";"https://durnovcev2000.kaiten.ru/32511304"
"93305";"ИП Гребенкина Наталья Викторовна (Компьютерный клуб ""Кибер Гейм Арена"")";"МО Ленинский городской округ, рабочий посёлок Боброво, Крымская, дом 17, корпус 1";"ЮАО";"Гранит";"Рощин С.С.";"КВ";"55.5300248";"37.6130054";"15.05.2025";"https://durnovcev2000.kaiten.ru/32511373"
"138215";"ООО ""Планета Здоровья Холдинг"" / Аптека Планета Здоровья";"Лопатино, Солнечный бульвар, д.13";"ЮАО";"Гранит";"Пряшников Д.Ю.";"КВ";"55.53108599999999";"37.6415839";"15.05.2025";"https://durnovcev2000.kaiten.ru/40810913"
"138496";"ООО Джавиданым, Продукты";"посёлок Дрожжино,ул.Южная,д.19к1";"ЮАО";"Технологии Безопасности";"Калиниченко А.С.";"КВ";"55.5195472";"37.5924377";"15.05.2025";"https://durnovcev2000.kaiten.ru/44993716"
"136777";"ИП Соловьева Е.П  пекарня Буханка";"Лопатино,Солнечный бульвар,15";"ЮАО";"Гранит";"Ткаченко В.Н.";"КВ";"55.5312806";"37.641192";"15.05.2025";"https://durnovcev2000.kaiten.ru/45365237"
"132284";"ИП Валеева Венера Рафаилевна (Отель-Гостиница «Hotel-City»)";"Видное  улица Булатниковская дом 1";"ЮАО";"Гранит";"Христенко Е.А.";"КВ";"55.57715020000001";"37.657819";"15.05.2025";"https://durnovcev2000.kaiten.ru/33174700"
"84099";"ресторан KFC";"г. Москва, ул. Бирюлевская д. 26а";"ЮАО";"Аллигатор";"Певзнер Ю.А.";"М";"55.5946593";"37.6624278";"15.05.2025";"https://durnovcev2000.kaiten.ru/32511842"
"134516";"ИП Лапаева Вера Сергеевна /Пекарня Буханка";"г. Москва, ул. Цимлянская, 3 , к.2";"ЮАО";"Эсток-Сервис";"Ткаченко В.Н.";"КВ";"55.67015259999999";"37.7728196";"13.05.2025";"https://durnovcev2000.kaiten.ru/32562496"
"ТО-997";"ООО «РЕНТ ЦЕНТРАЛЬ»/ Ломбард ""Лига""";"Москва г, Краснодарская ул, дом 57, корпус 3";"ЮАО";"Гранит";"Пряшников Д.Ю.";"КВ";"55.6762502";"37.7703282";"13.05.2025";"https://durnovcev2000.kaiten.ru/32562501"
"46723";"ИП Ким Дмитрий Леонидович (Сеть магазинов суши «СУШИ СТОР»)";"Москва г, Краснодарская ул, дом 57, корпус 3";"ЮАО";"Эсток-Сервис";"Калиниченко А.С.";"КВ";"55.6762502";"37.7703282";"13.05.2025";"https://durnovcev2000.kaiten.ru/32562513"
"91041";"ООО ТОРГОВЫЙ ДОМ ДРЕСС КОД";"Москва, Братиславская 13к1";"ЮАО";"Технологии Безопасности";"Михно С.С.";"КВ";"55.6611486";"37.7602582";"13.05.2025";"https://durnovcev2000.kaiten.ru/32562187"
"131565";"ООО «Дистрибьюция Доступа Д2», нежилое помещение";"Москва г, Перерва ул, д. 52";"ЮАО";"Гранит";"Супонников М.С.";"КВ";"55.6568117";"37.7450316";"13.05.2025";"https://durnovcev2000.kaiten.ru/32562190"
"90071";"ИП Кедров , магазины пиво, зоо, прочее";"г.Москва, ул. Люблинская 163/1";"ЮАО";"Гранит";"Супонников М.С.";"КВ";"55.6511856";"37.7447688";"13.05.2025";"https://durnovcev2000.kaiten.ru/32561914"
"137189";"ООО «Гард-НН»/(компьютерный клуб)";"Москва г, ул Братиславская, д. 14";"ЮАО";"Технологии Безопасности";"Гусев П.И.";"КВ";"55.6591734";"37.7547609";"13.05.2025";"https://durnovcev2000.kaiten.ru/32562023"
"93098";"Аптека ""Планета Здоровья""";"г. Москва, Новочеркасский бульвар 55";"ЮАО";"Гранит";"Пряшников Д.Ю.";"М";"55.64833429999999";"37.7419043";"13.05.2025";"https://durnovcev2000.kaiten.ru/32562202"
"131973";"ООО ""Планета Здоровья Холдинг"" / Аптека Планета Здоровья";"Москва г, Ясеневая ул, дом № 12к1";"ЮАО";"Гранит";"Пряшников Д.Ю.";"КВ";"55.6031351";"37.7304872";"12.05.2025";"https://durnovcev2000.kaiten.ru/32511351"
"130397";"Стоматология ""Йес""";"МО, д. Дрожжино, ул. Южная д. 11";"ЮАО";"Гранит";"Дубовик А.С.";"КВ";"55.52008780000001";"37.5867373";"06.05.2025";"https://durnovcev2000.kaiten.ru/32511364"
"134951";"ПЕРВОЕ ДЕЛО ООО/«Пятерочка»";"Московская обл, Ленинский р-н, Дрожжино рп, Южная ул, 321";"ЮАО";"Технологии Безопасности";"Рощин С.С.";"КВ";"55.5196101";"37.5943513";"06.05.2025";"https://durnovcev2000.kaiten.ru/32511366"
"ТО-880";"ИП Нурматов Адхамбек Джумаевич Тандыр Выпечка";"МО р.п. Боброво, ул. Крымская, д.19, к .1, пом. 11";"ЮАО";"Гранит";"Калиниченко А.С.";"КВ";"55.529221";"37.614410";"06.05.2025";"https://durnovcev2000.kaiten.ru/32511377"
"137379";"Щипакина Татьяна Ивановна/Ломбард Табак";"МО,Ленинский район,сел. пос. Булатниковское,д.Дрожжино,ул.Новое шоссе,д.9,пом.4";"ЮАО";"Технологии Безопасности";"Калиниченко А.С.";"КВ";"55.52767160000001";"37.5863193";"06.05.2025";"https://durnovcev2000.kaiten.ru/32955371"
"132963";"ИП Агадзе Ширхан Эльхан оглы (Кальянная""Cyty Hookah"")";"Московская обл., Ленинский г.о, р.п. Боброво, Крымская ул, дом 3, корпус 1";"ЮАО";"Гранит";"Калиниченко А.С.";"КВ";"55.5368569";"37.6138703";"06.05.2025";"https://durnovcev2000.kaiten.ru/32511285"
"90280 / 132557/132290/132558/ 135193";"МРОПП храм святой преподобно мученицы великой княгини Елисаветы в Щербинке гор. Москвы Храм и Воскресная школа (общий)";"МО, Щербинка, ул. Железнодорожная д. 15";"ЮАО";"Гранит";"Михно С.С.";"КВ";"55.5097423";"37.5636088";"06.05.2025";"https://durnovcev2000.kaiten.ru/32511329"
"135036";"ИП Сажнева Ирина Сергеевна/Пекарня «Буханка»";"Москва г, Варшавское,шоссе,141,А,корпус,1";"ЮАО";"Технологии Безопасности";"Спринчан Д.А.";"КВ";"55.6524526";"37.6188797";"05.05.2025";"https://durnovcev2000.kaiten.ru/32511286"
"134142";"ИП Батоев Игорь Олегович/Пекарня «Буханка»";"Москва г, Ясеневая ул, дом 12, корпус 2";"ЮАО";"Технологии Безопасности";"Мозговой И.В.";"КВ";"55.6022918";"37.7313509";"05.05.2025";"https://durnovcev2000.kaiten.ru/32511322"
"90419";"Хостел ""Максимофф""";"г. Москва, Варшавское шоссе д.16/1";"ЮАО";"Гранит";"-";"КВ";"55.6931708";"37.6179968";"05.05.2025";"https://durnovcev2000.kaiten.ru/32511254"
"138399";"ИП Ильясов Валерий Федорович/(Салон красоты Атмосфера)";"Москва, улица Эдварда Грига, д. 5";"ЮАО";"Эсток-Сервис";"Сафин М.С.";"КВ";"55.55356399999999";"37.510738";"29.04.2025";"https://durnovcev2000.kaiten.ru/49253758"
"91351";"магазин Ассортида, ИП Герасимова Людмила Васильевна (магазин продуктов) магазин Ассортида";"г. Москва, ул. Чертановская 9 с. 2";"ЮАО";"Гранит";"Калиниченко А.С.";"КВ";"55.6291004";"37.6006902";"22.04.2025";"https://durnovcev2000.kaiten.ru/32510837"
"ТО-961";"ООО «Фарм-Фаст» «Семейная стоматология»";"г. Москва, мкр. Чертаново Северное, д.1а";"ЮАО";"Гранит";"Чиграй А.С.";"КВ";"55.6632602";"37.59913530000001";"22.04.2025";"https://durnovcev2000.kaiten.ru/32510843"
"ТО-999";"ИП Волжин Артур Викторович Нежилое помещение";"г. Москва, мкр. Чертаново Северное, д.1а (3 этаж, пом.58)";"ЮАО";"Гранит";"Чиграй А.С.";"КВ";"55.6632602";"37.59913530000001";"22.04.2025";"https://durnovcev2000.kaiten.ru/32510846"
"90878";"ООО «ИМ» (Офис ООО Им Марк Трейдинг)";"Москва г, ш Варшавское, д. 114, к. 1";"ЮАО";"Технологии Безопасности";"Ахметкалиев Ф.Х.";"КВ";"55.6376151";"37.6177153";"22.04.2025";"https://durnovcev2000.kaiten.ru/32519891"
"83764";"ИП Маталова Галина Акиндиновна, (Салон-парикмахерская на Варшавке)";"Москва Варшавское ш дом 74 к 1";"ЮАО";"Аллигатор";"-";"КВ";"55.655917";"37.618449";"21.04.2025";"https://durnovcev2000.kaiten.ru/32511272"
"134211";"ООО «ДОКТОР СТОМ»/Стоматологическая клиника «Dr. Stom»";"Москва г, Рязановское п, Остафьевское ш, дом № 12, корпус 1";"ЮАО";"Технологии Безопасности";"Гаук Е.М.";"КВ";"55.5053216";"37.5228828";"17.04.2025";"https://durnovcev2000.kaiten.ru/32510806"
"ТО- № 997ТБ";"ИП Верховская Ирина Валерьевна/ Пекарня “Буханка”";"Москва, Остафьевское шоссе, дом 14, стр. 1";"ЮАО";"Эсток-Сервис";"Христенко Е.А.";"КВ";"55.50057289999999";"37.51803659999999";"17.04.2025";"https://durnovcev2000.kaiten.ru/32510746"
"136301";"Нефёдов Павел Владимирович (""СДЭК"")";"Москва г, Рязановское п, Остафьево с, Троицкая ул, дом 2/1";"ЮАО";"Технологии Безопасности";"Михайлов А.Ю.";"КВ";"55.4961364";"37.5018599";"17.04.2025";"https://durnovcev2000.kaiten.ru/32510817"
"ТО-998";"НОВАРД ЭСТЕЙТ МЕНЕДЖМЕНТ ЛИМИТЕД/Нежилое помещение";"Москва г, Пролетарский пр-кт, дом 23";"ЮАО";"Технологии Безопасности";"Михно С.С.";"М";"55.6367867";"37.6563744";"17.04.2025";"https://durnovcev2000.kaiten.ru/32511904"
"132274";"ООО ""Азон"" /аптека Планета Здоровья";"Московская обл, Подольск г, микрорайон Климовск, Победы, 2/18";"ЮАО";"Гранит";"Пряшников Д.Ю.";"КВ";"55.4312453";"37.5457647";"16.04.2025";"https://durnovcev2000.kaiten.ru/32510894"
"1300";"ИП Соловцов Валентин Вадимович/магазин СУШИ ВОК";"Подольск г, Бульвар 65-летия Победы, дом № 12, корпус 1";"ЮАО";"Эсток-Сервис";"Калиниченко А.С.";"КВ";"55.4193004";"37.4820691";"16.04.2025";"https://durnovcev2000.kaiten.ru/32510899"
"133124";"ИП Карпенок Л.М./Магазин Продуктов";"Московская обл, Подольск г, Кузнечики п, Флотский пр-д, дом 3";"ЮАО";"Технологии Безопасности";"Калиниченко А.С.";"КВ";"55.41664129999999";"37.4754835";"16.04.2025";"https://durnovcev2000.kaiten.ru/32510902"
"ТО- № 934ТБ";"Медицинская клиника ""CMD"", ООО ""Гемакс""";"МО, г. Подольск, ул. Свердлова 21";"ЮАО";"Технологии Безопасности";"Христенко Е.А.";"КВ";"55.423916";"37.539336";"16.04.2025";"https://durnovcev2000.kaiten.ru/35908159"
"ТО-№ 935ТБ";"ООО «Авиценна» / Медицинская клиника «CMD";"Московская обл, г Подольск, ул Ленинградская, д. 11";"ЮАО";"Технологии Безопасности";"Христенко Е.А.";"КВ";"55.42545999999999";"37.4971";"16.04.2025";"https://durnovcev2000.kaiten.ru/35897844"
"№ 1003ТБ";"ООО ""ДОКТОР СТОМ""";"Подольск, ул Ватутина, д. 6";"ЮАО";"Технологии Безопасности";"Гаук Е.М.";"КВ";"55.4131231";"37.52723780000001";"16.04.2025";"https://durnovcev2000.kaiten.ru/37980216"
"192175";"ООО Инвест-Капитал, АЗС Радуга,";"Подольск, ул. Кирова, д. 76 А";"ЮАО";"Аллигатор";"Дубовик А.С.";"КВ";"55.4192326";"37.5065094";"16.04.2025";"https://durnovcev2000.kaiten.ru/44127228"
"138744";"ООО ""Азон"" /аптека Планета Здоровья";"Подольск, Комсомольская, д. 3";"ЮАО";"Эсток-Сервис";"Пряшников Д.Ю.";"КВ";"55.4291406";"37.5501143";"16.04.2025";"https://durnovcev2000.kaiten.ru/48273408"
"136002";"ООО «Амиго» (Магазин гастроном продукты)";"Московская обл, Ленинский р-н, Видное г, Святослава Рихтера ул, дом 6";"ЮАО";"Технологии Безопасности";"Калиниченко А.С.";"КВ";"55.538585";"37.643776";"15.04.2025";"https://durnovcev2000.kaiten.ru/32511461"
"138214";"ООО ""ГРАНТ""";"р.п. Боброво, ул. Крымская, 19к 1";"ЮАО";"Гранит";"Пряшников Д.Ю.";"КВ";"55.5749323";"38.2566722";"15.04.2025";"https://durnovcev2000.kaiten.ru/40133306"
"1464";"ООО «РЕНТ ЦЕНТРАЛЬ»/ Ломбард Благо";"Москва г, Каширское ш, дом 106, строение 1, помещение 98";"ЮАО";"Гранит";"Пряшников Д.Ю.";"КВ";"55.611793";"37.7152059";"14.04.2025";"https://durnovcev2000.kaiten.ru/32510872"
"136708";"ООО ""Фанагория-Розничная Сеть"", Магазин «Фанагория»";"Москва г, вн.тер.г.муниципальный округ, Нагатинский затон, ул. Новинки, д. 4, помещение 68/1";"ЮАО";"Гранит";"Милованова Т.";"М";"55.676562";"37.667867";"10.04.2025";"https://durnovcev2000.kaiten.ru/32510851"
"151665";"ООО ""ГОРИЗОНТ-М"", Магазин ""Алкотека""";"Москва г, Нагатинский 1-й проезд, дом 11, строение 1";"ЮАО";"Гранит";"Озеров С.";"КВ";"55.678707";"37.634631";"10.04.2025";"https://durnovcev2000.kaiten.ru/32510853"
"130724";"ООО ""Мильстрим Ритейл""";"г.Москва, Нахимовский пр 1/1";"ЮАО";"Гранит";"Плиткин А.";"КВ";"55.662534";"37.617924";"10.04.2025";"https://durnovcev2000.kaiten.ru/32510854"
"136862";"ООО «Склад красок»/Магазин Дом Маляра";"Москва г, шоссе Варшавское, д. 65, к. 2";"ЮАО";"Технологии Безопасности";"Михно С.С.";"КВ";"55.6697786";"37.6269161";"10.04.2025";"https://durnovcev2000.kaiten.ru/32519865"
"137946";"ИП Новиков Сергей Анатольевич/Кладовка ""СКЛАДНО""";"г. Москва, ул. Судостроительная, д. 51";"ЮАО";"Технологии Безопасности";"Гаук Е.М.";"КВ";"55.68766549999999";"37.6920384";"10.04.2025";"https://durnovcev2000.kaiten.ru/35684107"
"52134 и 90592";"ООО ЗУБРЁНОК Стоматологическая клиника";"г Москва Балаклавский проспект д 4 к 8";"ЮАО";"Гранит";"Дурновцев Д.Н.";"КВ";"55.64149399999999";"37.6130021";"10.04.2025";"https://durnovcev2000.kaiten.ru/32510877"
"131872";"ООО ""Восток"" / аптека Планета Здоровья";"Москва г, Варшавское ш, дом № 141 А, корпус 1";"ЮАО";"Гранит";"Пряшников Д.Ю.";"КВ";"55.6430999";"37.6183764";"09.04.2025";"https://durnovcev2000.kaiten.ru/32510880"
"136647";"ООО «Анкер», Магазин «Маркет на углу»";"Москва г, Воронежская ул, дом № 16";"ЮАО";"Технологии Безопасности";"Калиниченко А.С.";"КВ";"55.6107585";"37.7405236";"08.04.2025";"https://durnovcev2000.kaiten.ru/37879123"
"134522";"ИП Спанчок Константин Вячеславович , Кофейня «Сладкая жизнь»";"Московская обл, Ленинский р-н, Дрожжино рп, Южная ул, дом № 3, корпус 4";"ЮАО";"Технологии Безопасности";"Мозговой И.В.";"КВ";"55.5196101";"37.5943513";"07.04.2025";"https://durnovcev2000.kaiten.ru/32510807"
"136164";"ООО «МЕД ДОКТОР АРЗ» (Лаборатория «ДНКОМ»)";"Московская обл, Ленинский р-н, Дрожжино рп, Южная ул, дом № 3, корпус 4";"ЮАО";"Технологии Безопасности";"Христенко Е.А.";"КВ";"55.5196101";"37.5943513";"07.04.2025";"https://durnovcev2000.kaiten.ru/32510816"
"ТО-№ 292ТБ";"ИП Леонова Н.Е./Магазин разливного пива «Место Пиво»";"Московская обл, Ленинский р-н, Дрожжино рп, Новое ш, дом № 4, корпус 3";"ЮАО";"Технологии Безопасности";"Мозговой И.В.";"КВ";"55.5267126";"37.5886854";"07.04.2025";"https://durnovcev2000.kaiten.ru/32510805"
"138092";"Агазаде Ширхан Эльхан Оглы, Кальянная";"МО,пос.Боброво,ул.Лесная,д.14";"ЮАО";"Технологии Безопасности";"Калиниченко А.С.";"КВ";"55.5319373";"37.6158989";"07.04.2025";"https://durnovcev2000.kaiten.ru/38400648"
"ТО№ 474 ТБ";"ИП Алмазова Лилия Александровна/Детский центр ABC club";"Москва г, Брусилова ул, дом 7";"ЮАО";"Технологии Безопасности";"Моторин А.В.";"КВ";"55.5007129";"37.576009";"07.04.2025";"https://durnovcev2000.kaiten.ru/32510823"
"138570";"ООО Джавиданым, Продукты";"рп Дрожжино, ул Южная, д. 21";"ЮАО";"Технологии Безопасности";"Калиниченко А.С.";"КВ";"55.5202591";"37.5951733";"07.04.2025";"https://durnovcev2000.kaiten.ru/43885354"
"ТО№ 559";"ООО РИГТЕЙЛ/коммерческое помещение";"Москва г, Пролетарский пр-кт, дом 14/49, корпус 2";"ЮАО";"Технологии Безопасности";"Сергеев Н.Р.";"КВ";"55.63667299999999";"37.653607";"03.04.2025";"https://durnovcev2000.kaiten.ru/32510686"
"91055";"ИП Бутакова Людмила Анатольевна (магазин продуктов «Мясная Лавка»)";"Москва г, Радиальная 6-я ул, дом № 5, корпус 2";"ЮАО";"Гранит";"Калиниченко А.С.";"КВ";"55.604605";"37.658760";"03.04.2025";"https://durnovcev2000.kaiten.ru/32511385"
"132279";"ВКУСНО ООО /Пекарня Буханка";"Москва г, Ягодная ул, дом № 8, корпус 1";"ЮАО";"Эсток-Сервис";"Ткаченко В.Н.";"КВ";"55.5776755";"37.6761902";"03.04.2025";"https://durnovcev2000.kaiten.ru/32511414"
"1118";"ООО «АПТЕКА ТАБЛЕТКА»";"г. Москва, ул. Ягодная 6";"ЮАО";"Эсток-Сервис";"Моторин А.В.";"КВ";"55.5766741";"37.6754621";"03.04.2025";"https://durnovcev2000.kaiten.ru/32511417"
"133401";"ООО ""Альфа""/ аптека Планета Здоровья";"Москва г, Бирюлевская ул, дом 49, корпус 4, строение 2";"ЮАО";"Гранит";"Пряшников Д.Ю.";"КВ";"55.5841092";"37.6762954";"03.04.2025";"https://durnovcev2000.kaiten.ru/32511423"
"137283";"ООО «Гард-НН»/(компьютерный клуб)";"Москва г, ул Бирюлёвская, д. 43";"ЮАО";"Технологии Безопасности";"Гусев П.И.";"КВ";"55.5866772";"37.6666236";"03.04.2025";"https://durnovcev2000.kaiten.ru/32511464"
"134831";"ИП Львов Евгений Александрович/Кладовка ""СКЛАДНО""";"Москва г, Ключевая ул, дом 16/29";"ЮАО";"Технологии Безопасности";"Гаук Е.М.";"КВ";"55.63465799999999";"37.7606449";"03.04.2025";"https://durnovcev2000.kaiten.ru/32511899"
"137190";"ООО «Гард-НН»/(компьютерный клуб)";"Москва г, вн.тер.г. муниципальный округ Зябликово, проезд Ореховый, д. 41, стр. 2";"ЮАО";"Технологии Безопасности";"Гусев П.И.";"КВ";"55.61620199999999";"37.730736";"02.04.2025";"https://durnovcev2000.kaiten.ru/32510826"
"90980";"Смоленский храм";"МО, г.Домодедово, село Константиново, 81А";"ЮАО";"Гранит";"Моторин А.В.";"КВ";"55.48544339999999";"37.9842475";"02.04.2025";"https://durnovcev2000.kaiten.ru/32510785"
"131556";"ИП Дубовцев Никита Игоревич Барбершоп «Черная кость»";"МО, г. Домодедово, 1-ый Советский проезд, д.2, к.1";"ЮАО";"Гранит";"Моторин А.В.";"КВ";"55.441131";"37.768688";"02.04.2025";"https://durnovcev2000.kaiten.ru/32510799"
"137162";"ИП Малышев Алексей Викторович(Суши Вок)";"г Домодедово, Набережная ул, д. 1, стр. 1";"ЮАО";"Технологии Безопасности";"Моторин А.В.";"КВ";"55.4473798";"37.7352473";"02.04.2025";"https://durnovcev2000.kaiten.ru/41136328"
"132325";"ООО ""Медицина"" анализы ""cmd""";"г. Москва, ул. Генерала Белова д. 28 к. 1";"ЮАО";"Гранит";"Христенко Е.А.";"КВ";"55.6053643";"37.7245257";"01.04.2025";"https://durnovcev2000.kaiten.ru/32511430"
"№723ТБ";"ИП Коновалов А.Ю./Кафе-Кондитерская БЕЗЕ (BEZE)";"Москва г, Корабельная ул, дом № 17, корпус 3";"ЮАО";"Технологии Безопасности";"Калиниченко А.С.";"КВ";"55.6818091";"37.6950255";"27.03.2025";"https://durnovcev2000.kaiten.ru/32511192"
"131574";"ООО ""Лето"" /Аптека Планета Здоровья";"Московская обл д. Мисайлово, Литературный бульвар, дом 6";"ЮАО";"Гранит";"Пряшников Д.Ю.";"КВ";"55.5599491";"37.8142112";"27.03.2025";"https://durnovcev2000.kaiten.ru/32511087"
"ТО-№960 ТБ";"ООО «НЕОВЕТ» / Ветеринарная Лаборатория «ГОРВЕТЛАБ»";"Москва г, ш Варшавское, д. 144, к. 2, стр. 2";"ЮАО";"Технологии Безопасности";"Христенко Е.А.";"КВ";"55.60378009999999";"37.6042777";"26.03.2025";"https://durnovcev2000.kaiten.ru/37397437"
"132848";"ООО Аэросистемы, офис";"Москва г, Варшавское ш, дом № 59А";"ЮАО";"Гранит";"Кириченко Д.";"КВ";"55.6087738";"37.6051238";"26.03.2025";"https://durnovcev2000.kaiten.ru/32511186"
"90215";"Студия маникюра Лаки ИП Черенцова И А";"Москва ул Академика Янгеля 1 корп 1";"ЮАО";"Гранит";"-";"КВ";"55.594053";"37.5967179";"26.03.2025";"https://durnovcev2000.kaiten.ru/32511164"
"91929";"ООО ЗУБРЁНОК, стоматология";"Москва г, Балаклавский пр-кт, дом 2, корпус 5";"ЮАО";"Гранит";"Дурновцев Н.Н.";"КВ";"55.6422549";"37.6184505";"26.03.2025";"https://durnovcev2000.kaiten.ru/32511173"
"1323";"ООО Фуд-Экспресс/Магазин ""Малинки""";"Москва г, Борисовский проезд, владение 46А";"ЮАО";"Аллигатор";"Певзнер Ю.А.";"КВ";"55.61345300000001";"37.729674";"26.03.2025";"https://durnovcev2000.kaiten.ru/32511438"
"132277";"ООО ""Планета Здоровья Холдинг"" / Аптека Планета Здоровья";"Московская обл, Чехов г, Земская ул, дом № 14";"ЮАО";"Гранит";"Пряшников Д.Ю.";"КВ";"55.1706316";"37.467875";"24.03.2025";"https://durnovcev2000.kaiten.ru/32510930"
"131474";"ООО ""Здравник"", Аптека Планета Здоровья";"МО, г. Серпухов, ул. Ворошилова, дом № 171 А";"ЮАО";"Гранит";"Пряшников Д.Ю.";"КВ";"54.921112";"37.4355399";"24.03.2025";"https://durnovcev2000.kaiten.ru/32510946"
"131789";"ООО ""МЕРИДИАН"" Аптека Планета Здоровья";"Московская обл, Ступино г, Андропова ул, дом № 31";"ЮАО";"Гранит";"Пряшников Д.Ю.";"КВ";"54.887163";"38.0729761";"24.03.2025";"https://durnovcev2000.kaiten.ru/32511212"
"138567";"Аптека ""Планета Здоровья""";"МО г. Ступино, ул. Куйбышева, д.61А";"ЮАО";"Гранит";"Пряшников Д.Ю.";"М";"54.891577";"38.0724222";"24.03.2025";"https://durnovcev2000.kaiten.ru/32511494"
"90380";"Аптека ""Планета Здоровья""";"МО г. Ступино, ул. Калинина, д.2, пом.1";"ЮАО";"Гранит";"Пряшников Д.Ю.";"М";"54.87949099999999";"38.0685909";"24.03.2025";"https://durnovcev2000.kaiten.ru/32511547"
"91263";"""Сушистор""";"с.п. Булатниковское д. Лопатино, Солнечный бульвар, д.10 пом. 8";"ЮАО";"Технологии Безопасности";"Калиниченко А.С.";"КВ";"55.532515";"37.6464897";"11.03.2025";"https://durnovcev2000.kaiten.ru/32511109"
"ТО№ 488-ТБ";"ИП Кардашина Елена Владимировна/Магазин разливного пива ""Место Пиво""";"Ленинский г. о., р. п. Лопатино, Солнечный б-р, 10, пом. 10";"ЮАО";"Технологии Безопасности";"Мозговой И.В.";"КВ";"55.532515";"37.6464897";"11.03.2025";"https://durnovcev2000.kaiten.ru/32511116"
"131575";"ООО ""МЕРИДИАН"" Аптека Планета Здоровья";"Московская обл. Лопатино д., Сухановска ул, дом № 3";"ЮАО";"Гранит";"Пряшников Д.Ю.";"КВ";"55.534749";"37.641171";"11.03.2025";"https://durnovcev2000.kaiten.ru/32511121"
"130201";"Магазин пива ""Лещь""";"МО, д. Лопатино Солнечный бульвар д.12";"ЮАО";"Гранит";"Гаук Е.М.";"КВ";"55.5319566";"37.6396559";"11.03.2025";"https://durnovcev2000.kaiten.ru/32511106"
"131259";"ИП Зырянов Александр Викторович (Пекарня «Буханка»)";"Московская обл, Ленинский р-н, Видное г, Зеленые аллеи б-р, дом № 17, помещение 843";"ЮАО";"Гранит";"Калиниченко А.С.";"КВ";"55.5593853";"37.7042699";"04.03.2025";"https://durnovcev2000.kaiten.ru/32511056"
"39049";"ООО «МедЛаб» Медицинский Центр “ГЕМОТЕСТ”";"МО., г. Видное, ул. Советская, дом 19 А, 1 этаж";"ЮАО";"Гранит";"Христенко Е.А.";"КВ";"55.55104550000001";"37.7131766";"04.03.2025";"https://durnovcev2000.kaiten.ru/32511065"
"ТО№ 593ТБ";"ИП Кустов Дмитрий Александрович (ПВЗ «ОЗОН»)";"Московская обл, Ленинский р-н, Видное г, Битцевский проезд, дом 15, помещение 1";"ЮАО";"Технологии Безопасности";"Христенко Е.А.";"КВ";"55.5420198";"37.708859";"04.03.2025";"https://durnovcev2000.kaiten.ru/32511069"
"91857";"ИП Михеева Светлана Александровна Пекарня ""Буханка""";"МО г. Видное, ул. Ольховая д. 4";"ЮАО";"Гранит";"Сергеев Н.Р.";"КВ";"55.5445441";"37.7227297";"04.03.2025";"https://durnovcev2000.kaiten.ru/32511074"
"44469";"Супермаркет ООО ""Ибрагим""";"МО г. Видное, Купелинка, Северный квартал д. 13";"ЮАО";"Гранит";"-";"КВ";"55.53604199999999";"37.7281917";"04.03.2025";"https://durnovcev2000.kaiten.ru/32511077"
"1431";"ООО «РЕНТ ЦЕНТРАЛЬ»/ Ломбард Благо ТЦ Курс";"Московская обл, Ленинский р-н, Видное г, Солнечный мкр, дом 10";"ЮАО";"Гранит";"Пряшников Д.Ю.";"КВ";"55.5517835";"37.7025042";"04.03.2025";"https://durnovcev2000.kaiten.ru/32511098"
"132779";"ООО ""ЗДОРОВЬЕ""/Аптека Планета Здоровья";"Московская обл, Ленинский р-н, Видное г, Советская ул, дом № 1";"ЮАО";"Гранит";"Пряшников Д.Ю.";"КВ";"55.5515118";"37.7065468";"04.03.2025";"https://durnovcev2000.kaiten.ru/32511100"
"137034";"ООО ""Планета Здоровья Холдинг"" / Аптека Планета Здоровья";"Московская обл, г Видное, пр-кт Ленинского Комсомола, д. 46Б";"ЮАО";"Гранит";"Пряшников Д.Ю.";"КВ";"55.5461527";"37.7085069";"04.03.2025";"https://durnovcev2000.kaiten.ru/32519871"
"137031";"ИП Калоева Анна Петровна, Магазин Ремит";"Московская обл, г.о. Ленинский, рп Дрожжино, ул Южная, д. 3, к. 1";"ЮАО";"Технологии Безопасности";"Калиниченко А.С.";"КВ";"55.5235378";"37.5821749";"03.03.2025";"https://durnovcev2000.kaiten.ru/32511051"
"ТО-№ 6033";"ИП Гаврилова Елизавета Сергеевна Бетонный завод, здание 2,3 . АДМИН ЗДАНИЯ";"Московская область, г.о. Чехов, д. Курниково, территория промзона Курниково, з/у 5";"ЮАО";"Гранит";"Хорзов С.В.";"КВ";"55.1392444";"37.5680424";"12.02.2025";"https://durnovcev2000.kaiten.ru/35514076"
"ТО- № 6033";"ИП Гаврилова Елизавета Сергеевна Бетонный завод, здание 1, БСУ";"Московская область, г.о. Чехов, д. Курниково, территория промзона Курниково, з/у 5";"ЮАО";"Гранит";"Хорзов С.В.";"КВ";"55.0519326";"37.577556";"12.02.2025";"https://durnovcev2000.kaiten.ru/35514189"
"137643";"ООО «НОР СТРОЙ» (Цех)";"Московская обл, г.о. Чехов, д Сергеево, ул Промышленная, з/у 22, территория промышленная зона Энергомаш";"ЮАО";"Технологии Безопасности";"Хорзов С.В.";"КВ";"55.1667249";"37.395184";"12.02.2025";"https://durnovcev2000.kaiten.ru/37329647"
"137998";"ООО «НОР СТРОЙ» (Жилое здание)";"Московская обл, г.о. Чехов, д Сергеево, ул Промышленная, з/у 22, территория промышленная зона Энергомаш";"ЮАО";"Технологии Безопасности";"Хорзов С.В.";"КВ";"55.1667249";"37.395184";"12.02.2025";"https://durnovcev2000.kaiten.ru/37329699"
"137997";"ООО «НОР СТРОЙ» (Офис)";"д Сергеево, ул Промышленная, з/у 22, территория промышленная зона Энергомаш";"ЮАО";"Технологии Безопасности";"Хорзов С.В.";"КВ";"55.1667249";"37.395184";"12.02.2025";"https://durnovcev2000.kaiten.ru/37329745"
"138007";"ООО «НОР СТРОЙ» (Ангар)";"д Сергеево, ул Промышленная, з/у 22, территория промышленная зона Энергомаш";"ЮАО";"Технологии Безопасности";"Хорзов С.В.";"КВ";"55.1667249";"37.395184";"12.02.2025";"https://durnovcev2000.kaiten.ru/37329388"
"137862";"ИП Жигулин Иракли Николаевич, Продукты Еськино";"Московская область,р-н Чеховский,д.Еськино,д.31а";"ЮАО";"Технологии Безопасности";"Бурлакова Д.М.";"КВ";"55.0519326";"37.577556";"12.02.2025";"https://durnovcev2000.kaiten.ru/34871769"
"91040";"ООО Лайк, Мини маркет ЛАЙК";".Видное,ул.Завидная,д.9";"ЮАО";"Технологии Безопасности";"Калиниченко А.С.";"КВ";"55.5383784";"37.7266531";"12.02.2025";"https://durnovcev2000.kaiten.ru/45223073"
"132593";"Ип Шахингырай Надежда Вадимовна./Языковая студия";"Московская обл, Ленинский р-н, Видное г, Ольховая ул, дом 4";"ЮАО";"Технологии Безопасности";"Певзнер Ю.А.";"КВ";"55.5445441";"37.7227297";"11.02.2025";"https://durnovcev2000.kaiten.ru/32511456"
"133260";"ООО «Арктик»/ аптека Планета Здоровья";"Москва г, Ясеневая ул, дом 12, корпус 5, помещение 4Н";"ЮАО";"Гранит";"Пряшников Д.Ю.";"КВ";"55.602632";"37.7329116";"06.02.2025";"https://durnovcev2000.kaiten.ru/32511280"
"151497 (1469)";"ООО ""Авоська- два"" магазин Авоська";"Москва, Россошанский пр-д, д. 5, корп. 1";"ЮАО";"Аллигатор";"Певзнер Ю.А.";"КВ";"55.59956099999999";"37.609504";"03.02.2025";"https://durnovcev2000.kaiten.ru/32511294"
"132852";"Авоська - два";"г Москва ул Дорожная д 24 кор 1";"ЮАО";"Аллигатор";"Певзнер Ю.А.";"КВ";"55.598664";"37.6187759";"03.02.2025";"https://durnovcev2000.kaiten.ru/32511298"
"138857";"ИП ИГНАТИК ЕЛЕНА СЕРГЕЕВНА / Студия красоты и здоровья ""Территория жизни""";"Москва, ул. Михневская, д. 8";"ЮАО";"Эсток-Сервис";"Михайлов А.Ю.";"КВ";"55.5818723";"37.6620436";"31.01.2025";"https://durnovcev2000.kaiten.ru/45846438"
"91466";"ООО ""ПРОСПЕКТ-М""/Агентство недвижимости";"Москва г, ул Болотниковская, д. 3, к. 1";"ЮАО";"Технологии Безопасности";"Сергеев Н.Р.";"КВ";"55.65582";"37.61531";"21.01.2025";"https://durnovcev2000.kaiten.ru/33814760"
"136836";"ООО «Гард-НН»/(компьютерный клуб)";"Москва г, б-р Симферопольский, д. 17, к. 2";"ЮАО";"Технологии Безопасности";"Гусев П.И.";"КВ";"55.651678";"37.606187";"08.10.2024";"https://durnovcev2000.kaiten.ru/32511467"
"130403";"Васильева Татьяна Викторовна/Барбершоп «Черная кость»";"Москва г, Чертановская ул, дом 32, строение 2";"ЮАО";"Технологии Безопасности";"Моторин А.В.";"КВ";"55.618399";"37.592742";"04.10.2024";"https://durnovcev2000.kaiten.ru/32510831"
"133261";"ООО НПО РЭЙЛ/Аптека планета Здоровья";"Москва г, Ясеневая ул, дом 12, корпус 5, помещение 14 Н";"ЮАО";"Гранит";"Пряшников Д.Ю.";"КВ";"55.602632";"37.7329116";"02.10.2024";"https://durnovcev2000.kaiten.ru/32510802"
"91915";"ООО «Бистро 317» (Салон красоты)";"Москва г, Болотниковская ул, дом № 31, корпус 1";"ЮАО";"Гранит";"Мозговой И.В.";"КВ";"55.6598472";"37.5903649";"01.10.2024";"#33814897"
"132299";"ООО «ЛАСКА ГРУПП» (Гастроном)";"Москва г, Домодедовская ул, дом 44";"ЮАО";"Технологии Безопасности";"Христенко Е.А.";"КВ";"55.60146599999999";"37.714607";"19.09.2024";"https://durnovcev2000.kaiten.ru/32510910"
"93059";"аптека ""Планета здоровья""";"МО, г. Чехов, ул. Земская 9";"ЮАО";"Гранит";"Пряшников Д.Ю.";"КВ";"55.1688498";"37.46516889999999";"17.09.2024";"https://durnovcev2000.kaiten.ru/32511469"
"№ 904ТБ";"ООО «Атлас» (Офис АТЛАС)";"Москва г, ул Борисовские Пруды, д. 42";"ЮАО";"Технологии Безопасности";"Бурлакова Д.М.";"КВ";"55.64343520000001";"37.76952910000001";"05.09.2024";"https://durnovcev2000.kaiten.ru/34415053"
"ТО- 904ТБ";"Офис Атлас, ООО Атлас";"Москва, Борисовские пруды, 42";"ЮАО";"Технологии Безопасности";"Бурлакова Д.М.";"КВ";"55.64343520000001";"37.76952910000001";"05.09.2024";"https://durnovcev2000.kaiten.ru/space/361472/card/34415053"
"ТО-6033";"Бетонный завод, здание1, БСУ";"МО, Чехов, промзона Курниково";"ЮАО";"Гранит";"Хорзов С.В.";"КВ";"55.1392444";"37.5680424";"19.08.2024";"-"
"ТО-6033";"Бетонный завод, здание 4, Рем зона";"МО, Чехов, промзона Курниково";"ЮАО";"Гранит";"Хорзов С.В.";"КВ";"55.1392444";"37.5680424";"19.08.2024";"https://durnovcev2000.kaiten.ru/space/361201/card/35514386"
"ТО-6033";"Бетонный завод, здание 2и3, Админ здания";"МО, Чехов, промзона Курниково";"ЮАО";"Гранит";"Хорзов С.В.";"КВ";"55.1392444";"37.5680424";"19.08.2024";"-"
"137558";"Продукты Еськино, ИП Жигулин И. Н.";"МО, Чехов, д Еськино, 31А";"ЮАО";"Гранит";"Хорзов С.В.";"КВ";"55.051773";"37.570923";"19.08.2024";"#34871769"
"1307";"ООО «ЕВРОМЕД» Медицинский центр «CMD-анализы»";"г. Москва, Варшавское шоссе, дом 158, корпус 2";"ЮАО";"Гранит";"Христенко Е.А.";"КВ";"55.5841349";"37.5961525";"13.08.2024";"#32510893"
"131312";"""Пицца Суши вок"" ИП Фионина Алина Николаевна";"МО г. Домодедово, ул. Текстильщиков, д. 1 г";"ЮАО";"Гранит";"Калиниченко А.С.";"КВ";"55.44138890000001";"37.7250092";"16.07.2024";"https://durnovcev2000.kaiten.ru/32510788"
"ТО- 935ТБ";"Медклиника CMD, ООО Авиаценна";"МО, Подольск, Ленинградская, 11";"ЮАО";"Технологии Безопасности";"Христенко Е.А.";"КВ";"55.42545999999999";"37.4971";"16.07.2024";"https://durnovcev2000.kaiten.ru/space/361472/card/35897844"
"ТО- 934ТБ";"Медклиника CMD. ООО Гемакс";"МО. Подольск, Свердлова,21";"ЮАО";"Технологии Безопасности";"Христенко Е.А.";"КВ";"55.423916";"37.539336";"16.07.2024";"https://durnovcev2000.kaiten.ru/space/361472/card/35908159"
"ТО№ 559 ТБ";"ООО РИГТЕЙЛ/коммерческое помещение";"Москва г, Пролетарский пр-кт, дом 14/49, корпус 2";"ЮАО";"Технологии Безопасности";"Сергеев Н.Р.";"КВ";"55.63667299999999";"37.653607";"10.07.2024";"#32510686"
"93209";"ИП Мамедов Теймур Садигович (Барбер шоп «ОЛДБОЙ»)";"Москва г, Генерала Белова ул, дом № 28, корпус 1";"ЮАО";"Гранит";"Калиниченко А.С.";"КВ";"55.6136042";"37.7209299";"02.07.2024";"#32511433"
"132655";"ООО ""Авоська-два"" магазин Авоська";"Москва г, Радиальная 6-я ул, дом № 7, строение 43";"ЮАО";"Аллигатор";"Певзнер Ю.А.";"КВ";"55.607214";"37.655760";"25.01.2024";"#32511387"
"91849";"ООО ""Лаве"" Магазин ""Продукты""";"г.Москва , Чонгарский бульвар д.7/1";"ЮАО";"Гранит";"Мушкетов Д.В.";"КВ";"55.6528212";"37.6135802";"07.12.2023";"#32511446